DATE (YYYY-MM-DDTHH:MI:SSZ),LATITUDE (degree_north),LONGITUDE (degree_east),DEPH (meter),DOXY (millimole/m3),PRES (decibar),PSAL (psu),TEMP (degree_Celsius)
2024-05-03T08:45:40Z,13.511,88.512,10,141.177,10,31.8862,31.1199
2024-05-03T08:45:40Z,13.511,88.512,10,190.646,15,32.468,31.133
2024-05-03T08:45:40Z,13.511,88.512,10,189.598,20,32.4831,31.1234
2024-05-03T08:45:40Z,13.511,88.512,10,194.023,25,32.6918,30.8402
2024-05-03T08:45:40Z,13.511,88.512,10,198.631,30,32.8783,30.2237
2024-05-03T08:45:40Z,13.511,88.512,10,202.175,35,32.8754,29.4856
2024-05-03T08:45:40Z,13.511,88.512,10,202.025,40,32.9167,29.4018
2024-05-03T08:45:40Z,13.511,88.512,10,204.764,45,32.7785,28.5694
2024-05-03T08:45:40Z,13.511,88.512,10,204.983,50,32.7584,27.9846
2024-05-03T08:45:40Z,13.511,88.512,10,202.903,55,32.8635,27.614
2024-05-03T08:45:40Z,13.511,88.512,10,197.61,60,32.9928,27.357
2024-05-03T08:45:40Z,13.511,88.512,10,181.31,65,33.2575,27.3822
2024-05-03T08:45:40Z,13.511,88.512,10,147.656,70,33.7594,27.483
2024-05-03T08:45:40Z,13.511,88.512,75,86.444,75,34.115,26.8971
2024-05-03T08:45:40Z,13.511,88.512,80,47.079,80,34.3769,26.3014
2024-05-03T08:45:40Z,13.511,88.512,84,38.302,85,34.4732,25.8904
2024-05-03T08:45:40Z,13.511,88.512,89,32.744,90,34.5865,25.3166
2024-05-03T08:45:40Z,13.511,88.512,94,26.357,95,34.676,24.5723
2024-05-03T08:45:40Z,13.511,88.512,99,15.064,100,34.6797,23.6852
2024-05-03T08:45:40Z,13.511,88.512,104,6.409,105,34.6976,22.7473
2024-05-03T08:45:40Z,13.511,88.512,109,4.606,110,34.7586,22.0049
2024-05-03T08:45:40Z,13.511,88.512,114,2.983,115,34.7696,21.5734
2024-05-03T08:45:40Z,13.511,88.512,119,2.728,120,34.8002,20.7756
2024-05-03T08:45:40Z,13.511,88.512,124,3.599,125,34.8126,20.2495
2024-05-03T08:45:40Z,13.511,88.512,129,3.497,130,34.8233,19.5275
2024-05-03T08:45:40Z,13.511,88.512,134,1.929,135,34.8423,18.9129
2024-05-03T08:45:40Z,13.511,88.512,139,2.196,140,34.8554,18.3482
2024-05-03T08:45:40Z,13.511,88.512,144,2.769,145,34.8778,17.8178
2024-05-03T08:45:40Z,13.511,88.512,149,2.19,150,34.8959,17.2636
2024-05-03T08:45:40Z,13.511,88.512,154,2.625,155,34.9117,16.7321
2024-05-03T08:45:40Z,13.511,88.512,159,3.448,160,34.9372,16.3239
2024-05-03T08:45:40Z,13.511,88.512,164,3.237,165,34.9464,15.9951
2024-05-03T08:45:40Z,13.511,88.512,169,3.146,170,34.9505,15.7651
2024-05-03T08:45:40Z,13.511,88.512,174,3.391,175,34.9643,15.3291
2024-05-03T08:45:40Z,13.511,88.512,179,3.351,180,34.9783,14.7895
2024-05-03T08:45:40Z,13.511,88.512,184,2.549,185,34.9914,14.4336
2024-05-03T08:45:40Z,13.511,88.512,189,1.721,190,34.9935,14.2381
2024-05-03T08:45:40Z,13.511,88.512,194,1.876,195,34.9918,14.1218
2024-05-03T08:45:40Z,13.511,88.512,199,2.284,200,34.9993,13.9052
2024-05-03T08:45:40Z,13.511,88.512,204,2.621,205,35.0038,13.7232
2024-05-03T08:45:40Z,13.511,88.512,209,1.944,210,35.0059,13.6281
2024-05-03T08:45:40Z,13.511,88.512,214,1.82,215,35.0108,13.4345
2024-05-03T08:45:40Z,13.511,88.512,219,2.126,220,35.0198,13.1638
2024-05-03T08:45:40Z,13.511,88.512,224,2.192,225,35.023,13.0388
2024-05-03T08:45:40Z,13.511,88.512,229,2.302,230,35.0241,12.9543
2024-05-03T08:45:40Z,13.511,88.512,234,2.371,235,35.0266,12.8364
2024-05-03T08:45:40Z,13.511,88.512,238,1.196,240,35.029,12.7141
2024-05-03T08:45:40Z,13.511,88.512,243,1.795,245,35.0301,12.6349
2024-05-03T08:45:40Z,13.511,88.512,248,1.585,250,35.0331,12.5167
2024-05-03T08:45:40Z,13.511,88.512,253,1.495,255,35.036,12.3956
2024-05-03T08:45:40Z,13.511,88.512,258,1.536,260,35.0371,12.3098
2024-05-03T08:45:40Z,13.511,88.512,263,1.541,265,35.039,12.21
2024-05-03T08:45:40Z,13.511,88.512,268,1.519,270,35.0397,12.1126
2024-05-03T08:45:40Z,13.511,88.512,280.8214804,1.552,275,35.0402,12.0308
2024-05-03T08:45:40Z,13.511,88.512,286.341074,1.347,280,35.042,11.9644
2024-05-03T08:45:40Z,13.511,88.512,291.8606676,1.384,285,35.0436,11.881
2024-05-03T08:45:40Z,13.511,88.512,297.3802612,1.434,290,35.0445,11.8041
2024-05-03T08:45:40Z,13.511,88.512,302.8998549,1.132,295,35.045,11.7344
2024-05-03T08:45:40Z,13.511,88.512,308.4194485,1.261,300,35.0465,11.6709
2024-05-03T08:45:40Z,13.511,88.512,313.9390421,1.927,305,35.0478,11.603
2024-05-03T08:45:40Z,13.511,88.512,319.4586357,1.95,310,35.048,11.5179
2024-05-03T08:45:40Z,13.511,88.512,324.9782293,1.663,315,35.0479,11.473
2024-05-03T08:45:40Z,13.511,88.512,330.4978229,1.944,320,35.0488,11.423
2024-05-03T08:45:40Z,13.511,88.512,336.0174165,1.91,325,35.0487,11.3713
2024-05-03T08:45:40Z,13.511,88.512,341.5370102,1.931,330,35.0489,11.3219
2024-05-03T08:45:40Z,13.511,88.512,347.0566038,1.753,335,35.049,11.2756
2024-05-03T08:45:40Z,13.511,88.512,352.5761974,1.609,340,35.0485,11.2415
2024-05-03T08:45:40Z,13.511,88.512,358.095791,1.469,345,35.0482,11.1871
2024-05-03T08:45:40Z,13.511,88.512,363.6153846,1.369,350,35.0482,11.1372
2024-05-03T08:45:40Z,13.511,88.512,369.1349782,1.688,355,35.0485,11.1
2024-05-03T08:45:40Z,13.511,88.512,374.6545718,2.573,360,35.0472,11.0395
2024-05-03T08:45:40Z,13.511,88.512,380.1741655,3.214,365,35.0465,10.9939
2024-05-03T08:45:40Z,13.511,88.512,385.6937591,3.167,370,35.0467,10.9524
2024-05-03T08:45:40Z,13.511,88.512,391.2133527,1.94,375,35.0467,10.9093
2024-05-03T08:45:40Z,13.511,88.512,396.7329463,1.839,380,35.0465,10.8756
2024-05-03T08:45:40Z,13.511,88.512,402.2525399,1.749,385,35.046,10.8243
2024-05-03T08:45:40Z,13.511,88.512,407.7721335,1.535,390,35.0462,10.773
2024-05-03T08:45:40Z,13.511,88.512,413.2917271,1.448,395,35.0461,10.7376
2024-05-03T08:45:40Z,13.511,88.512,418.8113208,1.461,400,35.0458,10.7032
2024-05-03T08:45:40Z,13.511,88.512,424.3309144,1.507,405,35.0461,10.6544
2024-05-03T08:45:40Z,13.511,88.512,429.850508,1.511,410,35.0455,10.6168
2024-05-03T08:45:40Z,13.511,88.512,435.3701016,1.705,415,35.0456,10.5758
2024-05-03T08:45:40Z,13.511,88.512,440.8896952,1.808,420,35.0451,10.5288
2024-05-03T08:45:40Z,13.511,88.512,446.4092888,1.985,425,35.0449,10.4841
2024-05-03T08:45:40Z,13.511,88.512,451.9288824,1.733,430,35.0447,10.4509
2024-05-03T08:45:40Z,13.511,88.512,457.4484761,1.824,435,35.0443,10.4036
2024-05-03T08:45:40Z,13.511,88.512,462.9680697,2.096,440,35.0438,10.3557
2024-05-03T08:45:40Z,13.511,88.512,468.4876633,2.188,445,35.0433,10.3146
2024-05-03T08:45:40Z,13.511,88.512,474.0072569,2.22,450,35.0427,10.2579
2024-05-03T08:45:40Z,13.511,88.512,479.5268505,2.444,455,35.043,10.2162
2024-05-03T08:45:40Z,13.511,88.512,485.0464441,2.57,460,35.0427,10.1772
2024-05-03T08:45:40Z,13.511,88.512,490.5660377,2.62,465,35.0421,10.1427
2024-05-03T08:45:40Z,13.511,88.512,496.0856313,2.805,470,35.0418,10.0985
2024-05-03T08:45:40Z,13.511,88.512,501.605225,2.921,475,35.0411,10.0664
2024-05-03T08:45:40Z,13.511,88.512,507.1248186,3.002,480,35.0406,10.0208
2024-05-03T08:45:40Z,13.511,88.512,512.6444122,3.416,485,35.0403,9.9906
2024-05-03T08:45:40Z,13.511,88.512,518.1640058,3.444,490,35.0396,9.9782
2024-05-03T08:45:40Z,13.511,88.512,523.6835994,3.463,495,35.039,9.931
2024-05-03T08:45:40Z,13.511,88.512,529.203193,3.708,500,35.0385,9.8722
2024-05-03T08:45:40Z,13.511,88.512,534.7227866,4.038,505,35.0376,9.8214
2024-05-03T08:45:40Z,13.511,88.512,540.2423803,3.83,510,35.0366,9.7809
2024-05-03T08:45:40Z,13.511,88.512,545.7619739,3.922,515,35.036,9.7537
2024-05-03T08:45:40Z,13.511,88.512,551.2815675,4.257,520,35.0355,9.7223
2024-05-03T08:45:40Z,13.511,88.512,556.8011611,4.498,525,35.0352,9.6826
2024-05-03T08:45:40Z,13.511,88.512,562.3207547,4.997,530,35.0343,9.6394
2024-05-03T08:45:40Z,13.511,88.512,567.8403483,4.523,535,35.0331,9.5945
2024-05-03T08:45:40Z,13.511,88.512,573.3599419,4.615,540,35.032,9.5509
2024-05-03T08:45:40Z,13.511,88.512,578.8795356,6.011,545,35.0292,9.5101
2024-05-03T08:45:40Z,13.511,88.512,584.3991292,6.862,550,35.0274,9.4671
2024-05-03T08:45:40Z,13.511,88.512,589.9187228,7.22,555,35.0265,9.4219
2024-05-03T08:45:40Z,13.511,88.512,595.4383164,7.274,560,35.0259,9.3874
2024-05-03T08:45:40Z,13.511,88.512,600.95791,7.525,565,35.0249,9.3566
2024-05-03T08:45:40Z,13.511,88.512,606.4775036,8.04,570,35.0241,9.3332
2024-05-03T08:45:40Z,13.511,88.512,611.9970972,8.264,575,35.0234,9.2921
2024-05-03T08:45:40Z,13.511,88.512,617.5166909,8.402,580,35.0221,9.2433
2024-05-03T08:45:40Z,13.511,88.512,623.0362845,8.844,585,35.0212,9.2098
2024-05-03T08:45:40Z,13.511,88.512,628.5558781,8.781,590,35.0203,9.1771
2024-05-03T08:45:40Z,13.511,88.512,634.0754717,9.463,595,35.0191,9.1297
2024-05-03T08:45:40Z,13.511,88.512,639.5950653,9.825,600,35.0181,9.0878
2024-05-03T08:45:40Z,13.511,88.512,645.1146589,10.185,605,35.0172,9.0565
2024-05-03T08:45:40Z,13.511,88.512,650.6342525,10.684,610,35.0163,9.0276
2024-05-03T08:45:40Z,13.511,88.512,656.1538462,10.724,615,35.0156,8.995
2024-05-03T08:45:40Z,13.511,88.512,661.6734398,11.095,620,35.015,8.9672
2024-05-03T08:45:40Z,13.511,88.512,667.1930334,11.321,625,35.0143,8.9331
2024-05-03T08:45:40Z,13.511,88.512,672.712627,11.311,630,35.0139,8.9048
2024-05-03T08:45:40Z,13.511,88.512,678.2322206,11.579,635,35.0126,8.8681
2024-05-03T08:45:40Z,13.511,88.512,683.7518142,12.015,640,35.0115,8.8152
2024-05-03T08:45:40Z,13.511,88.512,689.2714078,12.98,645,35.0102,8.7584
2024-05-03T08:45:40Z,13.511,88.512,694.7910015,13.304,650,35.0092,8.73
2024-05-03T08:45:40Z,13.511,88.512,700.3105951,13.281,655,35.0084,8.7077
2024-05-03T08:45:40Z,13.511,88.512,705.8301887,13.687,660,35.0077,8.6726
2024-05-03T08:45:40Z,13.511,88.512,711.3497823,14.445,665,35.0068,8.6411
2024-05-03T08:45:40Z,13.511,88.512,716.8693759,14.639,670,35.0057,8.6022
2024-05-03T08:45:40Z,13.511,88.512,722.3889695,14.901,675,35.0048,8.5743
2024-05-03T08:45:40Z,13.511,88.512,727.9085631,15.017,680,35.0042,8.5525
2024-05-03T08:45:40Z,13.511,88.512,733.4281567,15.239,685,35.0033,8.5171
2024-05-03T08:45:40Z,13.511,88.512,738.9477504,15.564,690,35.0023,8.4914
2024-05-03T08:45:40Z,13.511,88.512,744.467344,15.813,695,35.0015,8.4598
2024-05-03T08:45:40Z,13.511,88.512,749.9869376,16.545,700,35.0007,8.441
2024-05-03T08:45:40Z,13.511,88.512,755.5065312,16.627,705,35.0002,8.4286
2024-05-03T08:45:40Z,13.511,88.512,761.0261248,16.966,710,34.9995,8.3887
2024-05-03T08:45:40Z,13.511,88.512,766.5457184,17.145,715,34.9988,8.3668
2024-05-03T08:45:40Z,13.511,88.512,772.065312,17.327,720,34.998,8.3403
2024-05-03T08:45:40Z,13.511,88.512,777.5849057,17.275,725,34.997,8.3037
2024-05-03T08:45:40Z,13.511,88.512,783.1044993,17.496,730,34.9961,8.2735
2024-05-03T08:45:40Z,13.511,88.512,788.6240929,17.6,735,34.9952,8.2444
2024-05-03T08:45:40Z,13.511,88.512,794.1436865,18.552,740,34.9941,8.2099
2024-05-03T08:45:40Z,13.511,88.512,799.6632801,18.783,745,34.9933,8.1813
2024-05-03T08:45:40Z,13.511,88.512,805.1828737,18.994,750,34.9932,8.1567
2024-05-03T08:45:40Z,13.511,88.512,810.7024673,19.308,755,34.9928,8.1286
2024-05-03T08:45:40Z,13.511,88.512,816.222061,19.555,760,34.9924,8.1027
2024-05-03T08:45:40Z,13.511,88.512,821.7416546,19.57,765,34.9918,8.0761
2024-05-03T08:45:40Z,13.511,88.512,827.2612482,19.595,770,34.9909,8.0408
2024-05-03T08:45:40Z,13.511,88.512,832.7808418,19.689,775,34.9899,8.0049
2024-05-03T08:45:40Z,13.511,88.512,838.3004354,20.158,780,34.989,7.9716
2024-05-03T08:45:40Z,13.511,88.512,843.820029,20.559,785,34.9883,7.9529
2024-05-03T08:45:40Z,13.511,88.512,849.3396226,20.799,790,34.9874,7.9245
2024-05-03T08:45:40Z,13.511,88.512,854.8592163,21.091,795,34.9865,7.8874
2024-05-03T08:45:40Z,13.511,88.512,860.3788099,21.706,800,34.9851,7.8368
2024-05-03T08:45:40Z,13.511,88.512,865.8984035,22.121,805,34.9841,7.8092
2024-05-03T08:45:40Z,13.511,88.512,871.4179971,22.339,810,34.9828,7.7735
2024-05-03T08:45:40Z,13.511,88.512,876.9375907,22.62,815,34.9814,7.7354
2024-05-03T08:45:40Z,13.511,88.512,882.4571843,22.599,820,34.9802,7.6985
2024-05-03T08:45:40Z,13.511,88.512,887.9767779,22.718,825,34.9793,7.6745
2024-05-03T08:45:40Z,13.511,88.512,893.4963716,24.236,830,34.9783,7.6404
2024-05-03T08:45:40Z,13.511,88.512,899.0159652,24.307,835,34.977,7.6089
2024-05-03T08:45:40Z,13.511,88.512,904.5355588,24.783,840,34.9759,7.582
2024-05-03T08:45:40Z,13.511,88.512,910.0551524,25.655,845,34.974,7.5392
2024-05-03T08:45:40Z,13.511,88.512,915.574746,27.017,850,34.9729,7.5056
2024-05-03T08:45:40Z,13.511,88.512,921.0943396,26.451,855,34.9727,7.4703
2024-05-03T08:45:40Z,13.511,88.512,926.6139332,26.131,860,34.9725,7.4616
2024-05-03T08:45:40Z,13.511,88.512,932.1335269,26.02,865,34.972,7.448
2024-05-03T08:45:40Z,13.511,88.512,937.6531205,26.279,870,34.9712,7.4092
2024-05-03T08:45:40Z,13.511,88.512,943.1727141,26.929,875,34.9705,7.3919
2024-05-03T08:45:40Z,13.511,88.512,948.6923077,27.076,880,34.9694,7.3613
2024-05-03T08:45:40Z,13.511,88.512,954.2119013,27.26,885,34.9681,7.3291
2024-05-03T08:45:40Z,13.511,88.512,959.7314949,28.04,890,34.9666,7.2932
2024-05-03T08:45:40Z,13.511,88.512,965.2510885,29.05,895,34.9648,7.2515
2024-05-03T08:45:40Z,13.511,88.512,970.7706821,29.481,900,34.9641,7.2194
2024-05-03T08:45:40Z,13.511,88.512,976.2902758,29.61,905,34.9635,7.1947
2024-05-03T08:45:40Z,13.511,88.512,981.8098694,29.852,910,34.9628,7.1766
2024-05-03T08:45:40Z,13.511,88.512,987.329463,30.132,915,34.9621,7.1466
2024-05-03T08:45:40Z,13.511,88.512,992.8490566,30.716,920,34.9603,7.1165
2024-05-03T08:45:40Z,13.511,88.512,998.3686502,31.413,925,34.9581,7.0674
2024-05-03T08:45:40Z,13.511,88.512,1003.888244,32.567,930,34.9566,7.023
2024-05-03T08:45:40Z,13.511,88.512,1009.407837,32.84,935,34.9558,6.9878
2024-05-03T08:45:40Z,13.511,88.512,1014.927431,32.668,940,34.9551,6.9639
2024-05-03T08:45:40Z,13.511,88.512,1020.447025,33.064,945,34.954,6.936
2024-05-03T08:45:40Z,13.511,88.512,1025.966618,33.736,950,34.953,6.906
2024-05-03T08:45:40Z,13.511,88.512,1031.486212,33.972,955,34.9522,6.879
2024-05-03T08:45:40Z,13.511,88.512,1037.005806,34.005,960,34.9512,6.854
2024-05-03T08:45:40Z,13.511,88.512,1042.525399,33.798,965,34.9502,6.827
2024-05-03T08:45:40Z,13.511,88.512,1048.044993,34.179,970,34.9494,6.8066
2024-05-03T08:45:40Z,13.511,88.512,1053.564586,34.963,975,34.9483,6.7704
2024-05-03T08:45:40Z,13.511,88.512,1059.08418,35.535,980,34.947,6.7481
2024-05-03T08:45:40Z,13.511,88.512,1064.603774,36.056,985,34.9459,6.7283
2024-05-03T08:45:40Z,13.511,88.512,1070.123367,36.418,990,34.9452,6.7131
2024-05-03T08:45:40Z,13.511,88.512,1075.642961,36.672,995,34.9444,6.6834
2024-05-03T08:45:40Z,13.511,88.512,1081.162554,37.142,1000,34.9433,6.6568
2024-05-03T08:45:40Z,13.511,88.512,1086.682148,38.177,1005,34.9423,6.635
2024-05-03T08:45:40Z,13.511,88.512,1092.201742,38.154,1010,34.9415,6.6015
2024-05-03T08:45:40Z,13.511,88.512,1097.721335,38.523,1015,34.9402,6.5687
2024-05-03T08:45:40Z,13.511,88.512,1103.240929,39.003,1020,34.9391,6.5401
2024-05-03T08:45:40Z,13.511,88.512,1108.760522,39.255,1025,34.938,6.5151
2024-05-03T08:45:40Z,13.511,88.512,1114.280116,39.931,1030,34.9371,6.4828
2024-05-03T08:45:40Z,13.511,88.512,1119.79971,39.71,1035,34.9364,6.4542
2024-05-03T08:45:40Z,13.511,88.512,1125.319303,40.145,1040,34.9351,6.4183
2024-05-03T08:45:40Z,13.511,88.512,1130.838897,40.454,1045,34.9343,6.4021
2024-05-03T08:45:40Z,13.511,88.512,1136.358491,40.89,1050,34.933,6.3708
2024-05-03T08:45:40Z,13.511,88.512,1141.878084,41.515,1055,34.9318,6.3425
2024-05-03T08:45:40Z,13.511,88.512,1147.397678,42.089,1060,34.931,6.3208
2024-05-03T08:45:40Z,13.511,88.512,1152.917271,42.532,1065,34.9297,6.289
2024-05-03T08:45:40Z,13.511,88.512,1158.436865,42.998,1070,34.9286,6.2533
2024-05-03T08:45:40Z,13.511,88.512,1163.956459,43.64,1075,34.9272,6.2193
2024-05-03T08:45:40Z,13.511,88.512,1169.476052,44.117,1080,34.9255,6.1814
2024-05-03T08:45:40Z,13.511,88.512,1174.995646,45.257,1085,34.9243,6.1557
2024-05-03T08:45:40Z,13.511,88.512,1180.515239,45.275,1090,34.9234,6.1342
2024-05-03T08:45:40Z,13.511,88.512,1186.034833,46.088,1095,34.9225,6.1139
2024-05-03T08:45:40Z,13.511,88.512,1191.554427,46.421,1100,34.9217,6.0974
2024-05-03T08:45:40Z,13.511,88.512,1197.07402,46.815,1105,34.921,6.0741
2024-05-03T08:45:40Z,13.511,88.512,1202.593614,47.243,1110,34.9205,6.067
2024-05-03T08:45:40Z,13.511,88.512,1208.113208,47.186,1115,34.9197,6.0456
2024-05-03T08:45:40Z,13.511,88.512,1213.632801,47.678,1120,34.919,6.0265
2024-05-03T08:45:40Z,13.511,88.512,1219.152395,48.014,1125,34.9184,6.0113
2024-05-03T08:45:40Z,13.511,88.512,1224.671988,48.548,1130,34.9176,5.9901
2024-05-03T08:45:40Z,13.511,88.512,1230.191582,48.741,1135,34.9165,5.9549
2024-05-03T08:45:40Z,13.511,88.512,1235.711176,48.783,1140,34.9156,5.9317
2024-05-03T08:45:40Z,13.511,88.512,1241.230769,49.402,1145,34.9148,5.907
2024-05-03T08:45:40Z,13.511,88.512,1246.750363,49.738,1150,34.914,5.8901
2024-05-03T08:45:40Z,13.511,88.512,1252.269956,50.078,1155,34.9133,5.8708
2024-05-03T08:45:40Z,13.511,88.512,1257.78955,50.038,1160,34.9123,5.8426
2024-05-03T08:45:40Z,13.511,88.512,1263.309144,50.479,1165,34.9115,5.8208
2024-05-03T08:45:40Z,13.511,88.512,1268.828737,50.675,1170,34.9109,5.8092
2024-05-03T08:45:40Z,13.511,88.512,1274.348331,51.205,1175,34.9103,5.7942
2024-05-03T08:45:40Z,13.511,88.512,1279.867925,51.381,1180,34.9093,5.7667
2024-05-03T08:45:40Z,13.511,88.512,1285.387518,51.675,1185,34.9082,5.7341
2024-05-03T08:45:40Z,13.511,88.512,1290.907112,52.16,1190,34.9071,5.7053
2024-05-03T08:45:40Z,13.511,88.512,1296.426705,52.651,1195,34.9059,5.6713
2024-05-03T08:45:40Z,13.511,88.512,1301.946299,53.072,1200,34.9053,5.6566
2024-05-03T08:45:40Z,13.511,88.512,1307.465893,53.208,1205,34.9044,5.6389
2024-05-03T08:45:40Z,13.511,88.512,1312.985486,53.773,1210,34.9035,5.6049
2024-05-03T08:45:40Z,13.511,88.512,1318.50508,54.382,1215,34.9026,5.5839
2024-05-03T08:45:40Z,13.511,88.512,1324.024673,54.887,1220,34.902,5.5704
2024-05-03T08:45:40Z,13.511,88.512,1329.544267,55.313,1225,34.9014,5.5508
2024-05-03T08:45:40Z,13.511,88.512,1335.063861,55.629,1230,34.9004,5.5232
2024-05-03T08:45:40Z,13.511,88.512,1340.583454,55.797,1235,34.8997,5.5028
2024-05-03T08:45:40Z,13.511,88.512,1346.103048,56.374,1240,34.899,5.4851
2024-05-03T08:45:40Z,13.511,88.512,1351.622642,56.533,1245,34.8983,5.4666
2024-05-03T08:45:40Z,13.511,88.512,1357.142235,56.956,1250,34.8976,5.4483
2024-05-03T08:45:40Z,13.511,88.512,1362.661829,56.944,1255,34.8968,5.4323
2024-05-03T08:45:40Z,13.511,88.512,1368.181422,57.08,1260,34.8959,5.4067
2024-05-03T08:45:40Z,13.511,88.512,1373.701016,57.507,1265,34.8952,5.3855
2024-05-03T08:45:40Z,13.511,88.512,1379.22061,57.777,1270,34.8944,5.366
2024-05-03T08:45:40Z,13.511,88.512,1384.740203,58.188,1275,34.8935,5.3452
2024-05-03T08:45:40Z,13.511,88.512,1390.259797,58.227,1280,34.8929,5.3237
2024-05-03T08:45:40Z,13.511,88.512,1395.77939,59.071,1285,34.8922,5.3028
2024-05-03T08:45:40Z,13.511,88.512,1401.298984,59.301,1290,34.8913,5.2765
2024-05-03T08:45:40Z,13.511,88.512,1406.818578,59.872,1295,34.89,5.2368
2024-05-03T08:45:40Z,13.511,88.512,1412.338171,60.363,1300,34.8893,5.2149
2024-05-03T08:45:40Z,13.511,88.512,1417.857765,60.453,1305,34.8887,5.1999
2024-05-03T08:45:40Z,13.511,88.512,1423.377358,60.717,1310,34.8881,5.1859
2024-05-03T08:45:40Z,13.511,88.512,1428.896952,60.916,1315,34.8869,5.1547
2024-05-03T08:45:40Z,13.511,88.512,1434.416546,61.621,1320,34.8855,5.1243
2024-05-03T08:45:40Z,13.511,88.512,1439.936139,61.88,1325,34.8849,5.1137
2024-05-03T08:45:40Z,13.511,88.512,1445.455733,62.183,1330,34.8842,5.1015
2024-05-03T08:45:40Z,13.511,88.512,1450.975327,62.526,1335,34.8829,5.0638
2024-05-03T08:45:40Z,13.511,88.512,1456.49492,63.574,1340,34.8818,5.0315
2024-05-03T08:45:40Z,13.511,88.512,1462.014514,63.731,1345,34.8808,5.0049
2024-05-03T08:45:40Z,13.511,88.512,1467.534107,63.958,1350,34.88,4.9881
2024-05-03T08:45:40Z,13.511,88.512,1473.053701,64.38,1355,34.8792,4.9695
2024-05-03T08:45:40Z,13.511,88.512,1478.573295,64.781,1360,34.8784,4.9456
2024-05-03T08:45:40Z,13.511,88.512,1484.092888,64.855,1365,34.8776,4.9243
2024-05-03T08:45:40Z,13.511,88.512,1489.612482,65.184,1370,34.8767,4.9006
2024-05-03T08:45:40Z,13.511,88.512,1495.132075,65.379,1375,34.8759,4.8807
2024-05-03T08:45:40Z,13.511,88.512,1500.651669,65.92,1380,34.8753,4.8653
2024-05-03T08:45:40Z,13.511,88.512,1506.171263,66.21,1385,34.8744,4.8427
2024-05-03T08:45:40Z,13.511,88.512,1511.690856,66.591,1390,34.8736,4.8207
2024-05-03T08:45:40Z,13.511,88.512,1517.21045,67.17,1395,34.8725,4.7918
2024-05-03T08:45:40Z,13.511,88.512,1522.730044,67.56,1400,34.8717,4.7701
2024-05-03T08:45:40Z,13.511,88.512,1528.249637,68.004,1405,34.871,4.7537
2024-05-03T08:45:40Z,13.511,88.512,1533.769231,68.277,1410,34.8703,4.7329
2024-05-03T08:45:40Z,13.511,88.512,1539.288824,68.461,1415,34.8694,4.7117
2024-05-03T08:45:40Z,13.511,88.512,1544.808418,68.766,1420,34.8687,4.6918
2024-05-03T08:45:40Z,13.511,88.512,1550.328012,69.073,1425,34.8679,4.6727
2024-05-03T08:45:40Z,13.511,88.512,1555.847605,69.43,1430,34.8671,4.6478
2024-05-03T08:45:40Z,13.511,88.512,1561.367199,69.905,1435,34.8661,4.6241
2024-05-03T08:45:40Z,13.511,88.512,1566.886792,70.261,1440,34.8655,4.6056
2024-05-03T08:45:40Z,13.511,88.512,1572.406386,70.395,1445,34.8649,4.5956
2024-05-03T08:45:40Z,13.511,88.512,1577.92598,70.711,1450,34.8642,4.5748
2024-05-03T08:45:40Z,13.511,88.512,1583.445573,71.001,1455,34.8633,4.5519
2024-05-03T08:45:40Z,13.511,88.512,1588.965167,71.593,1460,34.8625,4.5309
2024-05-03T08:45:40Z,13.511,88.512,1594.484761,71.815,1465,34.8615,4.5039
2024-05-03T08:45:40Z,13.511,88.512,1600.004354,72.449,1470,34.8604,4.4765
2024-05-03T08:45:40Z,13.511,88.512,1605.523948,72.712,1475,34.8595,4.4499
2024-05-03T08:45:40Z,13.511,88.512,1611.043541,73.293,1480,34.8587,4.4335
2024-05-03T08:45:40Z,13.511,88.512,1616.563135,73.764,1485,34.8577,4.4017
2024-05-03T08:45:40Z,13.511,88.512,1622.082729,74.172,1490,34.8569,4.3868
2024-05-03T08:45:40Z,13.511,88.512,1627.602322,74.512,1495,34.8563,4.3724
2024-05-03T08:45:40Z,13.511,88.512,1633.121916,74.635,1500,34.8557,4.3633
2024-05-03T08:45:40Z,13.511,88.512,1638.641509,74.832,1505,34.8549,4.339
2024-05-03T08:45:40Z,13.511,88.512,1644.161103,75.279,1510,34.8543,4.3252
2024-05-03T08:45:40Z,13.511,88.512,1649.680697,75.648,1515,34.8536,4.3049
2024-05-03T08:45:40Z,13.511,88.512,1655.20029,76.004,1520,34.8528,4.2814
2024-05-03T08:45:40Z,13.511,88.512,1660.719884,76.283,1525,34.852,4.2658
2024-05-03T08:45:40Z,13.511,88.512,1666.239478,76.789,1530,34.8512,4.2357
2024-05-03T08:45:40Z,13.511,88.512,1671.759071,77.196,1535,34.8504,4.2197
2024-05-03T08:45:40Z,13.511,88.512,1677.278665,77.616,1540,34.8492,4.1871
2024-05-03T08:45:40Z,13.511,88.512,1682.798258,78.517,1545,34.848,4.1549
2024-05-03T08:45:40Z,13.511,88.512,1688.317852,78.81,1550,34.8471,4.1336
2024-05-03T08:45:40Z,13.511,88.512,1693.837446,79.117,1555,34.8463,4.1168
2024-05-03T08:45:40Z,13.511,88.512,1699.357039,79.503,1560,34.8454,4.0954
2024-05-03T08:45:40Z,13.511,88.512,1704.876633,79.705,1565,34.8445,4.0669
2024-05-03T08:45:40Z,13.511,88.512,1710.396226,80.507,1570,34.8432,4.0322
2024-05-03T08:45:40Z,13.511,88.512,1715.91582,81.198,1575,34.8422,4.0122
2024-05-03T08:45:40Z,13.511,88.512,1721.435414,81.431,1580,34.8413,3.9876
2024-05-03T08:45:40Z,13.511,88.512,1726.955007,82.226,1585,34.8402,3.9574
2024-05-03T08:45:40Z,13.511,88.512,1732.474601,82.575,1590,34.8393,3.933
2024-05-03T08:45:40Z,13.511,88.512,1737.994194,82.835,1595,34.8387,3.9205
2024-05-03T08:45:40Z,13.511,88.512,1743.513788,83.399,1600,34.8375,3.882
2024-05-03T08:45:40Z,13.511,88.512,1749.033382,83.843,1605,34.8366,3.8555
2024-05-03T08:45:40Z,13.511,88.512,1754.552975,83.999,1610,34.8357,3.8359
2024-05-03T08:45:40Z,13.511,88.512,1760.072569,84.59,1615,34.8345,3.805
2024-05-03T08:45:40Z,13.511,88.512,1765.592163,85.3,1620,34.8333,3.7742
2024-05-03T08:45:40Z,13.511,88.512,1771.111756,86.211,1625,34.8321,3.7433
2024-05-03T08:45:40Z,13.511,88.512,1776.63135,86.426,1630,34.8312,3.7287
2024-05-03T08:45:40Z,13.511,88.512,1782.150943,87.197,1635,34.83,3.6949
2024-05-03T08:45:40Z,13.511,88.512,1787.670537,87.705,1640,34.829,3.6724
2024-05-03T08:45:40Z,13.511,88.512,1793.190131,88.146,1645,34.8282,3.655
2024-05-03T08:45:40Z,13.511,88.512,1798.709724,88.73,1650,34.8273,3.6336
2024-05-03T08:45:40Z,13.511,88.512,1804.229318,88.754,1655,34.8262,3.6058
2024-05-03T08:45:40Z,13.511,88.512,1809.748911,89.276,1660,34.8253,3.5813
2024-05-03T08:45:40Z,13.511,88.512,1815.268505,89.833,1665,34.8245,3.5668
2024-05-03T08:45:40Z,13.511,88.512,1820.788099,89.8,1670,34.824,3.5549
2024-05-03T08:45:40Z,13.511,88.512,1826.307692,90.269,1675,34.8231,3.5329
2024-05-03T08:45:40Z,13.511,88.512,1831.827286,90.537,1680,34.8223,3.5163
2024-05-03T08:45:40Z,13.511,88.512,1837.34688,91.071,1685,34.8217,3.5007
2024-05-03T08:45:40Z,13.511,88.512,1842.866473,91.423,1690,34.8211,3.4881
2024-05-03T08:45:40Z,13.511,88.512,1848.386067,91.671,1695,34.8204,3.4707
2024-05-03T08:45:40Z,13.511,88.512,1853.90566,91.984,1700,34.8195,3.447
2024-05-03T08:45:40Z,13.511,88.512,1859.425254,92.513,1705,34.8189,3.4334
2024-05-03T08:45:40Z,13.511,88.512,1864.944848,93.041,1710,34.8181,3.4149
2024-05-03T08:45:40Z,13.511,88.512,1870.464441,93.447,1715,34.8173,3.3936
2024-05-03T08:45:40Z,13.511,88.512,1875.984035,93.907,1720,34.8167,3.3807
2024-05-03T08:45:40Z,13.511,88.512,1881.503628,94.111,1725,34.8161,3.367
2024-05-03T08:45:40Z,13.511,88.512,1887.023222,94.402,1730,34.8155,3.3545
2024-05-03T08:45:40Z,13.511,88.512,1892.542816,94.565,1735,34.8149,3.3409
2024-05-03T08:45:40Z,13.511,88.512,1898.062409,95.004,1740,34.8142,3.3237
2024-05-03T08:45:40Z,13.511,88.512,1903.582003,95.61,1745,34.8135,3.3068
2024-05-03T08:45:40Z,13.511,88.512,1909.101597,95.851,1750,34.8129,3.2945
2024-05-03T08:45:40Z,13.511,88.512,1914.62119,96.151,1755,34.8124,3.2833
2024-05-03T08:45:40Z,13.511,88.512,1920.140784,96.289,1760,34.8117,3.2639
2024-05-03T08:45:40Z,13.511,88.512,1925.660377,96.873,1765,34.811,3.2468
2024-05-03T08:45:40Z,13.511,88.512,1931.179971,97.141,1770,34.8104,3.2342
2024-05-03T08:45:40Z,13.511,88.512,1936.699565,97.401,1775,34.8099,3.2217
2024-05-03T08:45:40Z,13.511,88.512,1942.219158,97.438,1780,34.8092,3.2052
2024-05-03T08:45:40Z,13.511,88.512,1947.738752,98.27,1785,34.8085,3.1842
2024-05-03T08:45:40Z,13.511,88.512,1953.258345,98.515,1790,34.8079,3.1721
2024-05-03T08:45:40Z,13.511,88.512,1958.777939,98.813,1795,34.8073,3.1574
2024-05-03T08:45:40Z,13.511,88.512,1964.297533,99.107,1800,34.8065,3.139
2024-05-03T08:45:40Z,13.511,88.512,1969.817126,99.392,1805,34.8058,3.1171
2024-05-03T08:45:40Z,13.511,88.512,1975.33672,99.075,1810,34.8051,3.1027
2024-05-03T08:45:40Z,13.511,88.512,1980.856313,99.262,1815,34.8045,3.0878
2024-05-03T08:45:40Z,13.511,88.512,1986.375907,99.576,1820,34.8037,3.0697
2024-05-03T08:45:40Z,13.511,88.512,1991.895501,100.098,1825,34.8031,3.0547
2024-05-03T08:45:40Z,13.511,88.512,1997.415094,100.268,1830,34.8025,3.0387
2024-05-03T08:45:40Z,13.511,88.512,2002.934688,100.793,1835,34.8017,3.0221
2024-05-03T08:45:40Z,13.511,88.512,2008.454282,101.159,1840,34.8013,3.0142
2024-05-03T08:45:40Z,13.511,88.512,2013.973875,101.213,1845,34.8009,3.0059
2024-05-03T08:45:40Z,13.511,88.512,2019.493469,101.271,1850,34.8004,2.9947
2024-05-03T08:45:40Z,13.511,88.512,2025.013062,101.781,1855,34.8,2.984
2024-05-03T08:45:40Z,13.511,88.512,2030.532656,102.201,1860,34.7996,2.9768
2024-05-03T08:45:40Z,13.511,88.512,2036.05225,102.143,1865,34.7992,2.9685
2024-05-03T08:45:40Z,13.511,88.512,2041.571843,102.338,1870,34.7988,2.9608
2024-05-03T08:45:40Z,13.511,88.512,2047.091437,102.463,1875,34.7985,2.952
2024-05-03T08:45:40Z,13.511,88.512,2052.61103,102.687,1880,34.798,2.9433
2024-05-03T08:45:40Z,13.511,88.512,2058.130624,102.753,1885,34.7974,2.9275
2024-05-03T08:45:40Z,13.511,88.512,2063.650218,103.365,1890,34.7971,2.921
2024-05-03T08:45:40Z,13.511,88.512,2069.169811,103.364,1895,34.7966,2.9123
2024-05-03T08:45:40Z,13.511,88.512,2074.689405,103.514,1900,34.7961,2.8964
2024-05-03T08:45:40Z,13.511,88.512,2080.208999,103.967,1905,34.7955,2.8837
2024-05-03T08:45:40Z,13.511,88.512,2085.728592,104.142,1910,34.795,2.8712
2024-05-03T08:45:40Z,13.511,88.512,2091.248186,104.621,1915,34.7946,2.8613
2024-05-03T08:45:40Z,13.511,88.512,2096.767779,104.687,1920,34.7941,2.8511
2024-05-03T08:45:40Z,13.511,88.512,2102.287373,105.008,1925,34.7936,2.8404
2024-05-03T08:45:40Z,13.511,88.512,2107.806967,105.253,1930,34.7934,2.8351
2024-05-03T08:45:40Z,13.511,88.512,2113.32656,105.366,1935,34.793,2.8288
2024-05-03T08:45:40Z,13.511,88.512,2118.846154,105.452,1940,34.7927,2.8224
2024-05-03T08:45:40Z,13.511,88.512,2124.365747,105.731,1945,34.7923,2.8125
2024-05-03T08:45:40Z,13.511,88.512,2129.885341,106.041,1950,34.792,2.8058
2024-05-03T08:45:40Z,13.511,88.512,2135.404935,106.223,1955,34.7915,2.7929
2024-05-03T08:45:40Z,13.511,88.512,2140.924528,106.819,1960,34.791,2.7775
2024-05-03T08:45:40Z,13.511,88.512,2146.444122,107.207,1965,34.7906,2.7721
2024-05-03T08:45:40Z,13.511,88.512,2151.963716,107.195,1970,34.7905,2.7693
2024-05-03T08:45:40Z,13.511,88.512,2157.483309,107.212,1975,34.7901,2.7597
2024-05-03T08:45:40Z,13.511,88.512,2163.002903,107.491,1980,34.7895,2.7464
2024-05-03T08:45:40Z,13.511,88.512,2168.522496,108.017,1985,34.7891,2.7355
2024-05-03T08:45:40Z,13.511,88.512,2174.04209,108.091,1990,34.7886,2.7245
2024-05-03T08:45:40Z,13.511,88.512,2179.561684,108.26,1995,34.7883,2.7192
2024-05-03T08:45:40Z,13.511,88.512,2185.081277,108.609,2000,34.7878,2.7044
2024-05-03T08:45:40Z,13.511,88.512,2190.600871,108.845,2005,34.7873,2.6947
2024-05-03T08:45:40Z,13.511,88.512,2196.120464,108.923,2010,34.787,2.6883
2024-05-03T08:45:40Z,13.511,88.512,2201.640058,109.229,2015,34.7866,2.6802
2024-05-03T08:45:40Z,13.511,88.512,2207.159652,109.538,2020,34.7862,2.6726
2024-05-03T08:45:40Z,13.511,88.512,2212.679245,109.647,2025,34.7858,2.6575
2024-05-03T08:45:40Z,13.511,88.512,2218.198839,110.284,2030,34.7854,2.6513
2024-05-03T08:45:40Z,13.511,88.512,2223.718433,110.177,2035,34.7849,2.6389
2024-05-03T08:45:40Z,13.511,88.512,2229.238026,110.627,2040,34.7845,2.6326
2024-05-03T08:45:40Z,13.511,88.512,2234.75762,110.814,2045,34.7844,2.6311
2024-05-03T08:45:40Z,13.511,88.512,2240.277213,110.832,2050,34.7841,2.6275
2024-05-03T08:45:40Z,13.511,88.512,2245.796807,111.015,2055,34.7838,2.6181
2024-05-03T08:45:40Z,13.511,88.512,2251.316401,111.106,2060,34.7834,2.6083
2024-05-03T08:45:40Z,13.511,88.512,2256.835994,111.276,2065,34.783,2.596
2024-05-03T08:45:40Z,13.511,88.512,2262.355588,111.621,2070,34.7827,2.5898
2024-05-03T08:45:40Z,13.511,88.512,2267.875181,112.019,2075,34.7822,2.5807
2024-05-03T08:45:40Z,13.511,88.512,2273.394775,112.287,2080,34.782,2.5756
2024-05-03T08:45:40Z,13.511,88.512,2278.914369,112.345,2085,34.7816,2.5643
2024-05-03T08:45:40Z,13.511,88.512,2284.433962,112.716,2090,34.7812,2.559
2024-05-03T08:45:40Z,13.511,88.512,2289.953556,113.003,2095,34.7809,2.5508
2024-05-03T08:45:40Z,13.511,88.512,2295.473149,113.248,2100,34.7806,2.5446
2024-05-03T08:45:40Z,13.511,88.512,2300.992743,113.281,2105,34.7804,2.5373
2024-05-03T08:45:40Z,13.511,88.512,2306.512337,113.402,2110,34.7801,2.5328
2024-05-03T08:45:40Z,13.511,88.512,2312.03193,113.85,2115,34.7797,2.5232
2024-05-03T08:45:40Z,13.511,88.512,2317.551524,114.034,2120,34.7794,2.5159
2024-05-03T08:45:40Z,13.511,88.512,2323.071118,114.256,2125,34.7789,2.503
2024-05-03T08:45:40Z,13.511,88.512,2328.590711,114.741,2130,34.7786,2.4955
2024-05-03T08:45:40Z,13.511,88.512,2334.110305,115.037,2135,34.7782,2.4881
2024-05-03T08:45:40Z,13.511,88.512,2339.629898,115.218,2140,34.7779,2.482
2024-05-03T08:45:40Z,13.511,88.512,2345.149492,115.188,2145,34.7776,2.4754
2024-05-03T08:45:40Z,13.511,88.512,2350.669086,115.47,2150,34.7773,2.4694
2024-05-03T08:45:40Z,13.511,88.512,2356.188679,115.39,2155,34.7771,2.4633
2024-05-03T08:45:40Z,13.511,88.512,2361.708273,115.441,2160,34.7768,2.4564
2024-05-03T08:45:40Z,13.511,88.512,2367.227866,115.453,2165,34.7763,2.4439
2024-05-03T08:45:40Z,13.511,88.512,2372.74746,115.497,2170,34.776,2.4397
2024-05-03T08:45:40Z,13.511,88.512,2378.267054,115.495,2175,34.7758,2.4356
2024-05-03T08:45:40Z,13.511,88.512,2383.786647,115.598,2180,34.7755,2.4284
2024-05-03T08:45:40Z,13.511,88.512,2389.306241,115.759,2185,34.775,2.4156
2024-05-03T08:45:40Z,13.511,88.512,2394.825835,116.027,2190,34.7748,2.4139
2024-05-03T08:45:40Z,13.511,88.512,2400.345428,116.299,2195,34.7745,2.4066
2024-05-03T08:45:40Z,13.511,88.512,2405.865022,116.379,2200,34.774,2.3928
2024-05-03T08:45:40Z,13.511,88.512,2411.384615,116.678,2205,34.7737,2.3839
2024-05-03T08:45:40Z,13.511,88.512,2416.904209,117.164,2210,34.7733,2.379
2024-05-03T08:45:40Z,13.511,88.512,2422.423803,117.089,2215,34.7731,2.3718
2024-05-03T08:45:40Z,13.511,88.512,2427.943396,117.364,2220,34.7728,2.3667
2024-05-03T08:45:40Z,13.511,88.512,2433.46299,117.582,2225,34.7727,2.3632
2024-05-03T08:45:40Z,13.511,88.512,2438.982583,117.809,2230,34.7725,2.3611
2024-05-03T08:45:40Z,13.511,88.512,2444.502177,117.761,2235,34.7724,2.3593
2024-05-03T08:45:40Z,13.511,88.512,2450.021771,117.664,2240,34.7722,2.3574
2024-05-03T08:45:40Z,13.511,88.512,2455.541364,117.742,2245,34.772,2.3511
2024-05-03T08:45:40Z,13.511,88.512,2461.060958,118.016,2250,34.7717,2.3397
2024-05-03T08:45:40Z,13.511,88.512,2466.580552,118.598,2255,34.7713,2.3328
2024-05-03T08:45:40Z,13.511,88.512,2472.100145,118.572,2260,34.7711,2.3255
2024-05-03T08:45:40Z,13.511,88.512,2477.619739,119.09,2265,34.7708,2.3196
2024-05-03T08:45:40Z,13.511,88.512,2483.139332,119.459,2270,34.7704,2.3088
2024-05-03T08:45:40Z,13.511,88.512,2488.658926,119.793,2275,34.7702,2.3054
2024-05-03T08:45:40Z,13.511,88.512,2494.17852,119.797,2280,34.7699,2.2996
2024-05-03T08:45:40Z,13.511,88.512,2499.698113,119.95,2285,34.7695,2.2921
2024-05-03T08:45:40Z,13.511,88.512,2505.217707,120.139,2290,34.7693,2.2844
2024-05-03T08:45:40Z,13.511,88.512,2510.7373,120.173,2295,34.7689,2.2752
2024-05-03T08:45:40Z,13.511,88.512,2516.256894,120.818,2300,34.7686,2.2702
2024-05-03T08:45:40Z,13.511,88.512,2521.776488,120.773,2305,34.7684,2.2634
2024-05-03T08:45:40Z,13.511,88.512,2527.296081,120.919,2310,34.7682,2.259
2024-05-03T08:45:40Z,13.511,88.512,2532.815675,121.124,2315,34.7679,2.2545
2024-05-03T08:45:40Z,13.511,88.512,2538.335269,121.327,2320,34.7676,2.2459
2024-05-03T08:45:40Z,13.511,88.512,2543.854862,121.597,2325,34.7673,2.24
2024-05-03T08:45:40Z,13.511,88.512,2549.374456,121.624,2330,34.7671,2.2337
2024-05-03T08:45:40Z,13.511,88.512,2554.894049,121.831,2335,34.7668,2.2283
2024-05-03T08:45:40Z,13.511,88.512,2560.413643,121.94,2340,34.7665,2.2212
2024-05-03T08:45:40Z,13.511,88.512,2565.933237,122.083,2345,34.7662,2.2138
2024-05-03T08:45:40Z,13.511,88.512,2571.45283,122.505,2350,34.7659,2.2063
2024-05-03T08:45:40Z,13.511,88.512,2576.972424,122.597,2355,34.7655,2.198
2024-05-03T08:45:40Z,13.511,88.512,2582.492017,121.591,2360,34.7652,2.1943
2024-05-03T08:45:40Z,13.511,88.512,2588.011611,121.314,2365,34.7651,2.1904
2024-05-03T08:45:40Z,13.511,88.512,2593.531205,121.785,2370,34.7648,2.184
2024-05-03T08:45:40Z,13.511,88.512,2599.050798,122.138,2375,34.7645,2.1762
2024-05-03T08:45:40Z,13.511,88.512,2604.570392,122.448,2380,34.7643,2.1718
2024-05-03T08:45:40Z,13.511,88.512,2610.089985,122.601,2385,34.7641,2.1686
2024-05-03T08:45:40Z,13.511,88.512,2615.609579,123,2390,34.7638,2.1611
2024-05-03T08:45:40Z,13.511,88.512,2621.129173,123.23,2395,34.7636,2.1526
2024-05-03T08:45:40Z,13.511,88.512,2626.648766,123.228,2400,34.7632,2.146
2024-05-03T08:45:40Z,13.511,88.512,2632.16836,123.357,2405,34.763,2.1406
2024-05-03T08:45:40Z,13.511,88.512,2637.687954,123.392,2410,34.7626,2.1334
2024-05-03T08:45:40Z,13.511,88.512,2643.207547,122.979,2415,34.7624,2.1271
2024-05-03T08:45:40Z,13.511,88.512,2648.727141,123.426,2420,34.7621,2.1217
2024-05-03T08:45:40Z,13.511,88.512,2654.246734,123.627,2425,34.7619,2.1168
2024-05-03T08:45:40Z,13.511,88.512,2659.766328,123.962,2430,34.7618,2.1142
2024-05-03T08:45:40Z,13.511,88.512,2665.285922,123.691,2435,34.7617,2.1131
2024-05-03T08:45:40Z,13.511,88.512,2670.805515,123.576,2440,34.7614,2.1083
2024-05-03T08:45:40Z,13.511,88.512,2676.325109,123.709,2445,34.7613,2.1045
2024-05-03T08:45:40Z,13.511,88.512,2681.844702,124.272,2450,34.7612,2.1022
2024-05-03T08:45:40Z,13.511,88.512,2687.364296,124.337,2455,34.7611,2.0998
2024-05-03T08:45:40Z,13.511,88.512,2692.88389,123.93,2460,34.7608,2.095
2024-05-03T08:45:40Z,13.511,88.512,2698.403483,124.21,2465,34.7606,2.0891
2024-05-03T08:45:40Z,13.511,88.512,2703.923077,124.74,2470,34.7604,2.0824
2024-05-03T08:45:40Z,13.511,88.512,2709.442671,124.713,2475,34.7601,2.0761
2024-05-03T08:45:40Z,13.511,88.512,2714.962264,124.658,2480,34.7598,2.0697
2024-05-03T08:45:40Z,13.511,88.512,2720.481858,124.984,2485,34.7596,2.064
2024-05-03T08:45:40Z,13.511,88.512,2726.001451,124.999,2490,34.7594,2.0593
2024-05-03T08:45:40Z,13.511,88.512,2731.521045,124.923,2495,34.7592,2.0569
2024-05-03T08:45:40Z,13.511,88.512,2737.040639,124.959,2500,34.759,2.051
2024-05-03T08:45:40Z,13.511,88.512,2742.560232,125.333,2505,34.7587,2.045
2024-05-03T08:45:40Z,13.511,88.512,2748.079826,125.281,2510,34.7586,2.0413
2024-05-03T08:45:40Z,13.511,88.512,2753.599419,125.521,2515,34.7583,2.0365
2024-05-03T08:45:40Z,13.511,88.512,2759.119013,125.425,2520,34.7582,2.0328
2024-05-03T08:45:40Z,13.511,88.512,2764.638607,125.742,2525,34.7579,2.027
2024-05-03T08:45:40Z,13.511,88.512,2770.1582,125.88,2530,34.7577,2.022
2024-05-03T08:45:40Z,13.511,88.512,2775.677794,125.461,2535,34.7575,2.0171
2024-05-03T08:45:40Z,13.511,88.512,2781.197388,125.62,2540,34.7573,2.0126
2024-05-03T08:45:40Z,13.511,88.512,2786.716981,125.538,2545,34.7571,2.009
2024-05-03T08:45:40Z,13.511,88.512,2792.236575,125.892,2550,34.757,2.0051
2024-05-03T08:45:40Z,13.511,88.512,2797.756168,125.96,2555,34.7567,2.0007
2024-05-03T08:45:40Z,13.511,88.512,2803.275762,126.061,2560,34.7565,1.9961
2024-05-03T08:45:40Z,13.511,88.512,2808.795356,125.873,2565,34.7564,1.9913
2024-05-03T08:45:40Z,13.511,88.512,2814.314949,126.222,2570,34.7561,1.9861
2024-05-03T08:45:40Z,13.511,88.512,2819.834543,126.332,2575,34.7559,1.9819
2024-05-03T08:45:40Z,13.511,88.512,2825.354136,126.481,2580,34.7558,1.9763
2024-05-03T08:45:40Z,13.511,88.512,2830.87373,126.45,2585,34.7555,1.9736
2024-05-03T08:45:40Z,13.511,88.512,2836.393324,126.786,2590,34.7554,1.9683
2024-05-03T08:45:40Z,13.511,88.512,2841.912917,126.802,2595,34.7552,1.9625
2024-05-03T08:45:40Z,13.511,88.512,2847.432511,126.882,2600,34.755,1.9581
2024-05-03T08:45:40Z,13.511,88.512,2852.952104,126.778,2605,34.7548,1.9547
2024-05-03T08:45:40Z,13.511,88.512,2858.471698,126.784,2610,34.7546,1.9503
2024-05-03T08:45:40Z,13.511,88.512,2863.991292,126.999,2615,34.7545,1.9495
2024-05-03T08:45:40Z,13.511,88.512,2869.510885,127.125,2620,34.7543,1.9424
2024-05-03T08:45:40Z,13.511,88.512,2875.030479,127.466,2625,34.7542,1.941
2024-05-03T08:45:40Z,13.511,88.512,2880.550073,127.525,2630,34.7541,1.9402
2024-05-03T08:45:40Z,13.511,88.512,2886.069666,127.578,2635,34.754,1.9362
2024-05-03T08:45:40Z,13.511,88.512,2891.58926,127.66,2640,34.7538,1.9331
2024-05-03T08:45:40Z,13.511,88.512,2897.108853,127.816,2645,34.7537,1.9313
2024-05-03T08:45:40Z,13.511,88.512,2902.628447,127.901,2650,34.7536,1.9284
2024-05-03T08:45:40Z,13.511,88.512,2908.148041,128.092,2655,34.7534,1.9246
2024-05-03T08:45:40Z,13.511,88.512,2913.667634,128.54,2660,34.7533,1.9212
2024-05-03T08:45:40Z,13.511,88.512,2919.187228,128.784,2665,34.7531,1.9158
2024-05-03T08:45:40Z,13.511,88.512,2924.706821,128.765,2670,34.753,1.9129
2024-05-03T08:45:40Z,13.511,88.512,2930.226415,128.879,2675,34.7528,1.9081
2024-05-03T08:45:40Z,13.511,88.512,2935.746009,128.988,2680,34.7526,1.9028
2024-05-03T08:45:40Z,13.511,88.512,2941.265602,129.131,2685,34.7525,1.8994
2024-05-03T08:45:40Z,13.511,88.512,2946.785196,129.79,2690,34.7523,1.897
2024-05-03T08:45:40Z,13.511,88.512,2952.30479,129.546,2695,34.7522,1.895
2024-05-03T08:45:40Z,13.511,88.512,2957.824383,129.845,2700,34.7521,1.8938
2024-05-03T08:45:40Z,13.511,88.512,2963.343977,129.604,2705,34.752,1.8884
2024-05-03T08:45:40Z,13.511,88.512,2968.86357,129.443,2710,34.7518,1.8858
2024-05-03T08:45:40Z,13.511,88.512,2974.383164,129.628,2715,34.7517,1.8845
2024-05-03T08:45:40Z,13.511,88.512,2979.902758,129.36,2720,34.7517,1.8824
2024-05-03T08:45:40Z,13.511,88.512,2985.422351,129.624,2725,34.7515,1.8786
2024-05-03T08:45:40Z,13.511,88.512,2990.941945,129.43,2730,34.7513,1.8742
2024-05-03T08:45:40Z,13.511,88.512,2996.461538,129.85,2735,34.751,1.8668
2024-05-03T08:45:40Z,13.511,88.512,3001.981132,129.722,2740,34.7508,1.8602
2024-05-03T08:45:40Z,13.511,88.512,3007.500726,129.883,2745,34.7506,1.856
2024-05-03T08:45:40Z,13.511,88.512,3013.020319,129.983,2750,34.7504,1.853
2024-05-03T08:45:40Z,13.511,88.512,3018.539913,130.38,2755,34.7503,1.8486
2024-05-03T08:45:40Z,13.511,88.512,3024.059507,130.807,2760,34.7501,1.8427
2024-05-03T08:45:40Z,13.511,88.512,3029.5791,131.11,2765,34.7499,1.8375
2024-05-03T08:45:40Z,13.511,88.512,3035.098694,131.071,2770,34.7497,1.8327
2024-05-03T08:45:40Z,13.511,88.512,3040.618287,131.14,2775,34.7496,1.8299
2024-05-03T08:45:40Z,13.511,88.512,3046.137881,131.33,2780,34.7494,1.826
2024-05-03T08:45:40Z,13.511,88.512,3051.657475,131.168,2785,34.7492,1.8203
2024-05-03T08:45:40Z,13.511,88.512,3057.177068,131.68,2790,34.749,1.8158
2024-05-03T08:45:40Z,13.511,88.512,3062.696662,132.011,2795,34.7489,1.8131
2024-05-03T08:45:40Z,13.511,88.512,3068.216255,131.761,2800,34.7488,1.8117
2024-05-03T08:45:40Z,13.511,88.512,3073.735849,132.02,2805,34.7487,1.808
2024-05-03T08:45:40Z,13.511,88.512,3079.255443,132.123,2810,34.7485,1.8037
2024-05-03T08:45:40Z,13.511,88.512,3084.775036,132.336,2815,34.7484,1.8021
2024-05-03T08:45:40Z,13.511,88.512,3090.29463,132.412,2820,34.7483,1.7986
2024-05-03T08:45:40Z,13.511,88.512,3095.814224,132.53,2825,34.7482,1.7955
2024-05-03T08:45:40Z,13.511,88.512,3101.333817,132.671,2830,34.7481,1.7949
2024-05-03T08:45:40Z,13.511,88.512,3106.853411,132.794,2835,34.748,1.7936
2024-05-03T08:45:40Z,13.511,88.512,3112.373004,132.938,2840,34.7479,1.7927
2024-05-03T08:45:40Z,13.511,88.512,3117.892598,132.939,2845,34.7479,1.7889
2024-05-03T08:45:40Z,13.511,88.512,3123.412192,133.396,2850,34.7477,1.7832
2024-05-03T08:45:40Z,13.511,88.512,3128.931785,133.686,2855,34.7476,1.7804
2024-05-03T08:45:40Z,13.511,88.512,3134.451379,133.703,2860,34.7474,1.776
2024-05-03T08:45:40Z,13.511,88.512,3139.970972,134.172,2865,34.7473,1.772
2024-05-03T08:45:40Z,13.511,88.512,3145.490566,134.49,2870,34.7471,1.7666
2024-05-03T08:45:40Z,13.511,88.512,3151.01016,134.74,2875,34.7469,1.7601
2024-05-03T08:45:40Z,13.511,88.512,3156.529753,135.199,2880,34.7467,1.7553
2024-05-03T08:45:40Z,13.511,88.512,3162.049347,135.227,2885,34.7466,1.7499
2024-05-03T08:45:40Z,13.511,88.512,3167.56894,135.762,2890,34.7463,1.7457
2024-05-03T08:45:40Z,13.511,88.512,3173.088534,136.042,2895,34.7461,1.7356
2024-05-03T08:45:40Z,13.511,88.512,3178.608128,136.66,2900,34.7459,1.7273
2024-05-03T08:45:40Z,13.511,88.512,3184.127721,136.882,2905,34.7457,1.7199
2024-05-03T08:45:40Z,13.511,88.512,3189.647315,137.752,2910,34.7454,1.7152
2024-05-03T08:45:40Z,13.511,88.512,3195.166909,137.946,2915,34.7452,1.7079
2024-05-03T08:45:40Z,13.511,88.512,3200.686502,138.025,2920,34.7449,1.6959
2024-05-03T08:45:40Z,13.511,88.512,3206.206096,138.764,2925,34.7445,1.6858
2024-05-03T08:45:40Z,13.511,88.512,3211.725689,138.774,2930,34.7443,1.6808
2024-05-03T08:45:40Z,13.511,88.512,3217.245283,139.233,2935,34.7441,1.6716
2024-05-03T08:45:40Z,13.511,88.512,3222.764877,139.519,2940,34.7439,1.6692
2024-05-03T08:45:40Z,13.511,88.512,3228.28447,139.33,2945,34.7438,1.6668
2024-05-03T08:45:40Z,13.511,88.512,3233.804064,139.456,2950,34.7436,1.6649
2024-05-03T08:45:40Z,13.511,88.512,3239.323657,139.312,2955,34.7436,1.6632
2024-05-03T08:45:40Z,13.511,88.512,3244.843251,139.855,2960,34.7434,1.6603
2024-05-03T08:45:40Z,13.511,88.512,3250.362845,139.81,2965,34.7433,1.659
2024-05-03T08:45:40Z,13.511,88.512,3255.882438,139.792,2970,34.7432,1.6559
2024-05-03T08:45:40Z,13.511,88.512,3261.402032,139.675,2975,34.7431,1.6534
2024-05-03T08:45:40Z,13.511,88.512,3266.921626,139.841,2980,34.743,1.6511
2024-05-03T08:45:40Z,13.511,88.512,3272.441219,139.974,2985,34.7428,1.644
2024-05-03T08:45:40Z,13.511,88.512,3277.960813,140.135,2990,34.7423,1.6292
2024-05-03T08:45:40Z,13.511,88.512,3283.480406,140.317,2995,34.7421,1.6265
2024-05-03T08:45:40Z,13.511,88.512,3289,140.337,3000,34.7421,1.6252
2024-05-03T08:45:40Z,13.511,88.512,3294.519594,140.465,3005,34.742,1.6241
2024-05-03T08:45:40Z,13.511,88.512,3300.039187,140.577,3010,34.7419,1.6218
2024-05-03T08:45:40Z,13.511,88.512,3305.558781,140.709,3015,34.7417,1.6158
2024-05-03T08:45:40Z,13.511,88.512,3311.078374,140.844,3020,34.7413,1.6082
